Date,Value
1392/12/27,78968.1
1392/12/28,79015.4
1393/01/05,79013.5
1393/01/06,78619.4
1393/01/09,78239.7
1393/01/10,78469.2
1393/01/11,78741.3
1393/01/16,78547.7
1393/01/17,77634.7
1393/01/18,77418.6
1393/01/19,77817.5
1393/01/20,77423.9
1393/01/23,76501.8
1393/01/24,74920.7
1393/01/25,73973.4
1393/01/26,73847.6
1393/01/27,74161.2
1393/01/30,73637.8
1393/01/31,74160
1393/02/01,75035.3
1393/02/02,75735.2
1393/02/03,75980.5
1393/02/06,77404.1
1393/02/07,77923.6
1393/02/08,78131.1
1393/02/09,78151.3
1393/02/10,78164.3
1393/02/13,77939
1393/02/14,77569.2
1393/02/15,77763.8
1393/02/16,77717.3
1393/02/17,77752.4
1393/02/20,77931
1393/02/21,77734.2
1393/02/22,77596.4
1393/02/24,77610.2
1393/02/27,76901.8
1393/02/28,76987.5
1393/02/29,76528.9
1393/02/30,76634.4
1393/02/31,76767.6
1393/03/03,76703.9
1393/03/04,76394.2
1393/03/05,76212
1393/03/07,76067.8
1393/03/10,75687.1
1393/03/11,74543.4
1393/03/12,74735.9
1393/03/13,75102.8
1393/03/17,75329.5
1393/03/18,75353.5
1393/03/19,75240.5
1393/03/20,74836.7
1393/03/21,74499.1
1393/03/24,73516
1393/03/25,72631.8
1393/03/26,72748.8
1393/03/27,72638
1393/03/28,72873.1
1393/03/31,72969
1393/04/01,72900.8
1393/04/02,72544.9
1393/04/03,72344.4
1393/04/04,72249.9
1393/04/07,71662
1393/04/08,70970.3
1393/04/09,70341.5
1393/04/10,70423
1393/04/11,70876.6
1393/04/14,72162.2
1393/04/15,71960.2
1393/04/16,71916.6
1393/04/17,73025
1393/04/18,73416.4
1393/04/21,73555.9
1393/04/22,73226.2
1393/04/23,73347.4
1393/04/24,73457.9
1393/04/25,73754.2
1393/04/29,73750.2
1393/04/30,73890.5
1393/04/31,74526.1
1393/05/01,74841.6
1393/05/04,74840.3
1393/05/05,74848
1393/05/06,74997.6
1393/05/11,74841
1393/05/12,74637.4
1393/05/13,74709.2
1393/05/14,74697.5
1393/05/15,74613.8
1393/05/18,74398.6
1393/05/19,74398.9
1393/05/20,74547.5
1393/05/21,74455.1
1393/05/22,74363
1393/05/25,74051
1393/05/26,73952.6
1393/05/27,73906.8
1393/05/28,73902.6
1393/05/29,73905.7
1393/06/01,73868
1393/06/02,73529.5
1393/06/03,73499.9
1393/06/04,73540.9
1393/06/05,73312.2
1393/06/08,72941.8
1393/06/09,72778.4
1393/06/10,72339.8
1393/06/11,72232.4
1393/06/12,72121.5
1393/06/15,71822.4
1393/06/16,71665.4
1393/06/17,71815.2
1393/06/18,71930.1
1393/06/19,71925.4
1393/06/22,71486
1393/06/23,71386.7
1393/06/24,71402.3
1393/06/25,71408.3
1393/06/26,71443.6
1393/06/29,71445
1393/06/30,71545.3
1393/06/31,71685.8
1393/07/01,71726.5
1393/07/02,71788.1
1393/07/05,71702.2
1393/07/06,71643.7
1393/07/07,71675.2
1393/07/08,71664
1393/07/09,71640.5
1393/07/12,71670.1
1393/07/14,71821.5
1393/07/15,71718.9
1393/07/16,71783.7
1393/07/19,71771.7
1393/07/20,71791.5
1393/07/22,71893.1
1393/07/23,71978.6
1393/07/26,72016.5
1393/07/27,72281
1393/07/28,73550.4
1393/07/29,74109.1
1393/07/30,74132.8
1393/08/03,74152
1393/08/04,73940.8
1393/08/05,73958.9
1393/08/06,73967.8
1393/08/07,74151.1
1393/08/10,75028
1393/08/11,75368.6
1393/08/14,76166.6
1393/08/17,76420.5
1393/08/18,76553.4
1393/08/19,76560.8
1393/08/20,76708
1393/08/21,76589.4
1393/08/24,75946.5
1393/08/25,75930.8
1393/08/26,75965.9
1393/08/27,75409.4
1393/08/28,75248.4
1393/09/01,75042.6
1393/09/02,75389.6
1393/09/03,75949
1393/09/04,74740.9
1393/09/05,74076.1
1393/09/08,73245.1
1393/09/09,72189.5
1393/09/10,72120.7
1393/09/11,72258.5
1393/09/12,71860.2
1393/09/15,71712
1393/09/16,71170
1393/09/17,71376.6
1393/09/18,71381.7
1393/09/19,71043
1393/09/23,70291.6
1393/09/24,69542.6
1393/09/25,69608.6
1393/09/26,69494.8
1393/09/29,69537.5
1393/10/01,70094.4
1393/10/03,70153.5
1393/10/06,69705
1393/10/07,69625.5
1393/10/08,69424
1393/10/09,69254.5
1393/10/10,68973.1
1393/10/13,68829.9
1393/10/14,68650.6
1393/10/15,68232.1
1393/10/16,67471
1393/10/17,66902
1393/10/20,66197.9
1393/10/21,65512.8
1393/10/22,66000.1
1393/10/23,65929.1
1393/10/24,65939.1
1393/10/27,66273.3
1393/10/28,66319.2
1393/10/29,65835
1393/10/30,65564.7
1393/11/01,65028.9
1393/11/04,65029.1
1393/11/05,65105
1393/11/06,65114.1
1393/11/07,65127.7
1393/11/08,65256.1
1393/11/11,65542.8
1393/11/12,65544.7
1393/11/13,65555.9
1393/11/14,65597.4
1393/11/15,65771.6
1393/11/18,65787.2
1393/11/19,65366.3
1393/11/20,64917.5
1393/11/21,64840.9
1393/11/25,64932.1
1393/11/26,64926.8
1393/11/27,64993.6
1393/11/28,64811.2
1393/11/29,64720
1393/12/02,64867.1
1393/12/03,64719.9
1393/12/04,64678.4
1393/12/05,64525.8
1393/12/06,64051.7
1393/12/09,63950.9
1393/12/10,63860.1
1393/12/11,63954.8
1393/12/12,63996
1393/12/13,64014.9
1393/12/16,63911.1
1393/12/17,63806.7
1393/12/18,63846.7
1393/12/19,63852.8
1393/12/20,64070.7
1393/12/23,64610.3
1393/12/24,64980.6
1393/12/25,65122.8
1393/12/26,61532.9
1393/12/27,62531.8
1394/01/05,62885
1394/01/08,63625.5
1394/01/09,65099.9
1394/01/10,65175.1
1394/01/11,65728
1394/01/15,67827
1394/01/16,70261.7
1394/01/17,70843.9
1394/01/18,70159.9
1394/01/19,70684.7
1394/01/22,70022.8
1394/01/23,68783.9
1394/01/24,68454.1
1394/01/25,68465.3
1394/01/26,68078.8
1394/01/29,67374
1394/01/30,67378.8
1394/01/31,67016.7
1394/02/01,66828.6
1394/02/02,66569.2
1394/02/05,66540.6
1394/02/06,66208.9
1394/02/07,65576.8
1394/02/08,65508.2
1394/02/09,65634.1
1394/02/13,65088.3
1394/02/14,64415.8
1394/02/15,64168.1
1394/02/16,64069.1
1394/02/19,63530.2
1394/02/20,62885.9
1394/02/21,63069.8
1394/02/22,63316
1394/02/23,63531.4
1394/02/27,63465.1
1394/02/28,63522.8
1394/02/29,63644.3
1394/02/30,63703.1
1394/03/02,63427.8
1394/03/03,63363.8
1394/03/04,63496.5
1394/03/05,63419.1
1394/03/06,63402.1
1394/03/09,63419.9
1394/03/10,63227.9
1394/03/11,63227
1394/03/12,63289.8
1394/03/16,63297.6
1394/03/17,63187.3
1394/03/18,62952.3
1394/03/19,62317.9
1394/03/20,62322.2
1394/03/23,62571.2
1394/03/24,62653.3
1394/03/25,62442
1394/03/26,62558.9
1394/03/27,63559.7
1394/03/30,63836.2
1394/03/31,63810.7
1394/04/01,64276.5
1394/04/02,64839.5
1394/04/03,64857.6
1394/04/06,64812.2
1394/04/07,64301.4
1394/04/08,64332.9
1394/04/09,64922.6
1394/04/10,64861.8
1394/04/13,65860.8
1394/04/14,65780.1
1394/04/15,66019.9
1394/04/16,66761.4
1394/04/20,66817.8
1394/04/21,67646.4
1394/04/22,69194.5
1394/04/23,69433.5
1394/04/24,68827.7
1394/04/28,68827.7
1394/04/29,68148.4
1394/04/30,68050.7
1394/04/31,67643.9
1394/05/03,67036.3
1394/05/04,66977.4
1394/05/05,66441.4
1394/05/06,66489.5
1394/05/07,66780.7
1394/05/10,66829.7
1394/05/11,66530.5
1394/05/12,66626.7
1394/05/13,66445.7
1394/05/14,66451
1394/05/17,66000.9
1394/05/18,65973.5
1394/05/19,65903.1
1394/05/21,65703.3
1394/05/24,65314.3
1394/05/25,65239.9
1394/05/26,65302.5
1394/05/27,65189.4
1394/05/28,65218.3
1394/05/31,65225
1394/06/01,64881.4
1394/06/02,64651.6
1394/06/03,64197.3
1394/06/04,64206.2
1394/06/07,64451.3
1394/06/08,64467.3
1394/06/09,64225.8
1394/06/10,64251
1394/06/11,64276.2
1394/06/14,64497
1394/06/15,64506.6
1394/06/16,64518.4
1394/06/17,64511.7
1394/06/18,63467.7
1394/06/21,63482.5
1394/06/22,62958.2
1394/06/23,62993
1394/06/24,62536.5
1394/06/25,62264.5
1394/06/28,62254.7
1394/06/29,61553.2
1394/06/30,61328
1394/06/31,61576.8
1394/07/01,61686
1394/07/04,61530.9
1394/07/05,61563
1394/07/06,61568.9
1394/07/07,61578.8
1394/07/08,61498.3
1394/07/11,61217.4
1394/07/12,61163.7
1394/07/13,61233.6
1394/07/14,61209.8
1394/07/15,61389.8
1394/07/18,61396.9
1394/07/19,61287.1
1394/07/20,61296.6
1394/07/21,61434.4
1394/07/22,61973.3
1394/07/25,62799.1
1394/07/26,63071.4
1394/07/27,63126.7
1394/07/28,63142
1394/07/29,63175
1394/08/03,62792.8
1394/08/04,62803.3
1394/08/05,62923
1394/08/06,62923.7
1394/08/09,62948.6
1394/08/10,62942.7
1394/08/11,62855.7
1394/08/12,62811.6
1394/08/13,62927.4
1394/08/16,63000.4
1394/08/17,62999.2
1394/08/18,63035.7
1394/08/19,63044.3
1394/08/20,63056.4
1394/08/23,63070.6
1394/08/24,63083.5
1394/08/25,63108.6
1394/08/26,63013.6
1394/08/27,62871.3
1394/08/30,62889
1394/09/01,62923.9
1394/09/02,62795.7
1394/09/03,62720.9
1394/09/04,62734.6
1394/09/07,62635.4
1394/09/08,62639.1
1394/09/09,62647.7
1394/09/10,62550
1394/09/14,62577.1
1394/09/15,62420.2
1394/09/16,62374.8
1394/09/17,62392.4
1394/09/18,62409.8
1394/09/22,62310.7
1394/09/23,62216.3
1394/09/24,62233.3
1394/09/25,62147.3
1394/09/28,61734
1394/09/29,61501.5
1394/09/30,61518.5
1394/10/01,61414.2
1394/10/02,61420.7
1394/10/05,61436.9
1394/10/06,61455.3
1394/10/07,61469.3
1394/10/09,61691
1394/10/12,61700.1
1394/10/13,61710.2
1394/10/14,61728.1
1394/10/15,62055.9
1394/10/16,62632.8
1394/10/19,62655
1394/10/20,62461
1394/10/21,62788.7
1394/10/22,62841.2
1394/10/23,63516.9
1394/10/26,64860.9
1394/10/27,65424.1
1394/10/28,65119.5
1394/10/29,66118.1
1394/10/30,66562.5
1394/11/03,66960.4
1394/11/04,67740.1
1394/11/05,68857.5
1394/11/06,70999.5
1394/11/07,71011
1394/11/10,71393.9
1394/11/11,71118.8
1394/11/12,72912.8
1394/11/13,73725.5
1394/11/14,73684
1394/11/17,74103.6
1394/11/18,74569.4
1394/11/19,75783.8
1394/11/20,78199.1
1394/11/21,77497.9
1394/11/24,76594.2
1394/11/25,76709.5
1394/11/26,77377.5
1394/11/27,77141.6
1394/11/28,77888
1394/12/01,77560.9
1394/12/02,77234.9
1394/12/03,77587.7
1394/12/04,77704
1394/12/05,77840.2
1394/12/08,78228.3
1394/12/09,77733.8
1394/12/10,77539.2
1394/12/11,77648.8
1394/12/12,77697.8
1394/12/15,78022.2
1394/12/16,78093
1394/12/17,78158.4
1394/12/18,78220
1394/12/19,78312.1
1394/12/22,79366.5
1394/12/24,80236.7
1394/12/25,80037.5
1394/12/26,80219.4
1395/01/07,81200.3
1395/01/08,81261
1395/01/09,80935.7
1395/01/10,80561.3
1395/01/11,81480.4
1395/01/14,81536.9
1395/01/15,80852.7
1395/01/16,80872.1
1395/01/17,80965.8
1395/01/18,80752.7
1395/01/21,80654
1395/01/22,80280.7
1395/01/23,80262.4
1395/01/24,80109.3
1395/01/25,79588.3
1395/01/28,77984.8
1395/01/29,77516.2
1395/01/30,78435.4
1395/01/31,78430.9
1395/02/01,78269
1395/02/04,78281.7
1395/02/05,78448.3
1395/02/06,78688.4
1395/02/07,78394.4
1395/02/08,78404.7
1395/02/11,78414.6
1395/02/12,78384.4
1395/02/13,78285.4
1395/02/14,78044.4
1395/02/15,78033.8
1395/02/18,77423.9
1395/02/19,77045.3
1395/02/20,77106
1395/02/21,76630.4
1395/02/22,75982.6
1395/02/25,76138.6
1395/02/26,75863.2
1395/02/27,75980.5
1395/02/28,76292.9
1395/02/29,76413.3
1395/03/01,76448.3
1395/03/03,76613.9
1395/03/04,76692.8
1395/03/05,76853
1395/03/08,76690.6
1395/03/09,76387
1395/03/10,76431.5
1395/03/11,76144.2
1395/03/12,76084.2
1395/03/16,76160.6
1395/03/17,76128.6
1395/03/18,75874.5
1395/03/19,75876.2
1395/03/22,74850.1
1395/03/23,74817.8
1395/03/24,74700.5
1395/03/25,73959.7
1395/03/26,73877.1
1395/03/29,73906.5
1395/03/30,73027.9
1395/03/31,72615
1395/04/01,72799.2
1395/04/02,73644.8
1395/04/05,73672
1395/04/06,73743.5
1395/04/08,74190.5
1395/04/09,73940.3
1395/04/12,73965.5
1395/04/13,74064
1395/04/14,73947.2
1395/04/15,74049.1
1395/04/19,73716.6
1395/04/20,73764.2
1395/04/21,73816.7
1395/04/22,73736
1395/04/23,73763
1395/04/26,73868
1395/04/27,74194.8
1395/04/28,74196.9
1395/04/29,74313.6
1395/04/30,74514.1
1395/05/02,74934.3
1395/05/03,75183.9
1395/05/04,75466.5
1395/05/05,75501
1395/05/06,76225.7
1395/05/10,76579.7
1395/05/11,76647.4
1395/05/12,77089.8
1395/05/13,77856.5
1395/05/16,78324.9
1395/05/17,78704.6
1395/05/18,78324.9
1395/05/19,78368.4
1395/05/20,78190.5
1395/05/23,78218.8
1395/05/24,78205.1
1395/05/25,77828.8
1395/05/26,77855.5
1395/05/27,77879
1395/05/30,77968.7
1395/05/31,78086.4
1395/06/01,78086.1
1395/06/02,77964
1395/06/03,78081.5
1395/06/06,77757.6
1395/06/07,77313.6
1395/06/08,77345.6
1395/06/09,77358.6
1395/06/10,77167.9
1395/06/13,76747
1395/06/14,76509.4
1395/06/15,76522.2
1395/06/16,76669.6
1395/06/17,76742.2
1395/06/20,76640.3
1395/06/21,76643.9
1395/06/23,76444.2
1395/06/24,76455.4
1395/06/27,76104.9
1395/06/28,76166.7
1395/06/29,76272.6
1395/06/31,76450.9
1395/07/03,76906.9
1395/07/04,77081.5
1395/07/05,77089.8
1395/07/06,77143.1
1395/07/07,77300.3
1395/07/10,77478.8
1395/07/11,77287.6
1395/07/12,77265.3
1395/07/13,77335.3
1395/07/14,77183
1395/07/17,77217
1395/07/18,77435.8
1395/07/19,77655.1
1395/07/24,77886.4
1395/07/25,77569.1
1395/07/26,77707.2
1395/07/27,77849.5
1395/07/28,78091.5
1395/08/01,78387.2
1395/08/02,78370.3
1395/08/03,78568.8
1395/08/04,78761.9
1395/08/05,79299.6
1395/08/08,80340.7
1395/08/09,80339.2
1395/08/10,80263.7
1395/08/11,79659.2
1395/08/12,79670.9
1395/08/15,79253.5
1395/08/16,79137.5
1395/08/17,79632.3
1395/08/18,79871.4
1395/08/19,78411.6
1395/08/22,79010.7
1395/08/23,79048.5
1395/08/24,79341.5
1395/08/25,79236.2
1395/08/26,79268.4
1395/08/29,79278.6
1395/09/01,79319
1395/09/02,79393.8
1395/09/03,79385.6
1395/09/06,79541.4
1395/09/07,79625.9
1395/09/09,80018.6
1395/09/13,80058.8
1395/09/14,80063.7
1395/09/15,80081.2
1395/09/16,80830.5
1395/09/17,81341.6
1395/09/20,81250.5
1395/09/21,80925.9
1395/09/22,80915.5
1395/09/23,80741.2
1395/09/24,80683.6
1395/09/28,80709
1395/09/29,80413.1
1395/09/30,80122.7
1395/10/01,80250
1395/10/04,80161.2
1395/10/05,79898.9
1395/10/06,79966.5
1395/10/07,79800.8
1395/10/08,79691.8
1395/10/11,79486.6
1395/10/12,78896
1395/10/13,78968.9
1395/10/14,78983.7
1395/10/15,78990.3
1395/10/18,78826.5
1395/10/19,78833.4
1395/10/20,78609.5
1395/10/22,78622
1395/10/25,78876.2
1395/10/26,79073.2
1395/10/27,79084.2
1395/10/28,79280.4
1395/10/29,79382.2
1395/11/02,79206.6
1395/11/03,79218
1395/11/04,79263.5
1395/11/05,78249.1
1395/11/06,78049
1395/11/09,77714.1
1395/11/10,77707.3
1395/11/11,77961.4
1395/11/12,77975.4
1395/11/13,77414.9
1395/11/16,76825.7
1395/11/17,76616
1395/11/18,76678.7
1395/11/19,76766
1395/11/20,76792.8
1395/11/23,76816.8
1395/11/24,76827.7
1395/11/25,76975.5
1395/11/26,77000.2
1395/11/27,77189.7
1395/11/30,77599.1
1395/12/01,77658.6
1395/12/02,77698.2
1395/12/03,77800.2
1395/12/04,77847.2
1395/12/07,77863.5
1395/12/08,77574.7
1395/12/09,77590.7
1395/12/10,77602.3
1395/12/11,77475.2
1395/12/14,77135.1
1395/12/15,76766.9
1395/12/16,76789.7
1395/12/17,76800.4
1395/12/18,76285.5
1395/12/21,76315.6
1395/12/22,76329
1395/12/23,76332
1395/12/24,76639
1395/12/25,76737.9
1395/12/28,77230
1396/01/05,77485.8
1396/01/06,77502.9
1396/01/07,77523.3
1396/01/08,77548.5
1396/01/09,77584.4
1396/01/14,77616.8
1396/01/15,77647.1
1396/01/16,77689.9
1396/01/19,77804.7
1396/01/20,77860.4
1396/01/21,78107.8
1396/01/23,78132.4
1396/01/26,78383.3
1396/01/27,78471.7
1396/01/28,78247.5
1396/01/29,78339.8
1396/01/30,78651.4
1396/02/02,79302.7
1396/02/03,79390.6
1396/02/04,79425.9
1396/02/06,79596.9
1396/02/09,79755.6
1396/02/10,79785
1396/02/11,79826.6
1396/02/12,79942.1
1396/02/13,79969.2
1396/02/16,79697.4
1396/02/17,79660.9
1396/02/18,79744.1
1396/02/19,79858.8
1396/02/20,80127.1
1396/02/23,80142
1396/02/24,79963
1396/02/25,79957.5
1396/02/26,80129.3
1396/02/27,80344.2
1396/02/30,81077.6
1396/02/31,81194
1396/03/01,81124.4
1396/03/02,81124.4
1396/03/03,81146.2
1396/03/06,80921.2
1396/03/07,80713.2
1396/03/08,80607.9
1396/03/09,80511.5
1396/03/10,80513.3
1396/03/13,80288.9
1396/03/16,80293.5
1396/03/17,79758.5
1396/03/20,79855.7
1396/03/21,79870.7
1396/03/22,79564.1
1396/03/23,79426.9
1396/03/24,79465.7
1396/03/27,79285
1396/03/28,78990.4
1396/03/29,78859.2
1396/03/30,78867.5
1396/03/31,78736.2
1396/04/03,78652.7
1396/04/04,78665.5
1396/04/07,78704.5
1396/04/10,78799.7
1396/04/11,78765.3
1396/04/12,78659.2
1396/04/13,78632.5
1396/04/14,78700.2
1396/04/17,78881.6
1396/04/18,78985.4
1396/04/19,79377
1396/04/20,79490.4
1396/04/21,79509.6
1396/04/24,79658.9
1396/04/25,79620.8
1396/04/26,79692.9
1396/04/27,79735.7
1396/04/28,80162.5
1396/04/31,80670.8
1396/05/01,80863
1396/05/02,80933.9
1396/05/03,81181.7
1396/05/04,81509.3
1396/05/07,81420.9
1396/05/08,81491.4
1396/05/09,81533.5
1396/05/10,81415.9
1396/05/11,81265.9
1396/05/15,81384.1
1396/05/16,81285.7
1396/05/17,81313.9
1396/05/18,81579.3
1396/05/21,81763.1
1396/05/22,81661.5
1396/05/23,81659.3
1396/05/24,81696.3
1396/05/25,81741.9
1396/05/28,81954.9
1396/05/29,82016.2
1396/05/30,82075
1396/05/31,82372.4
1396/06/01,82541.8
1396/06/04,82897.1
1396/06/05,82885
1396/06/06,83012.1
1396/06/07,83252
1396/06/08,83272.9
1396/06/11,83428.2
1396/06/12,83345.2
1396/06/13,83452.1
1396/06/14,83733.5
1396/06/15,83675.3
1396/06/19,83255.7
1396/06/20,83369.1
1396/06/21,83469.2
1396/06/22,83523.8
1396/06/25,83683.2
1396/06/26,83916.6
1396/06/27,84414.5
1396/06/28,85343.9
1396/06/29,85831.8
1396/07/01,85798.4
1396/07/02,85588.8
1396/07/03,85516.9
1396/07/04,85628.8
1396/07/05,85819
1396/07/10,85514.9
1396/07/11,85355
1396/07/12,85429.5
1396/07/15,85069.5
1396/07/16,84564.9
1396/07/17,84611.6
1396/07/18,84734.4
1396/07/19,84744.1
1396/07/22,85263.6
1396/07/23,85394.9
1396/07/24,85590.7
1396/07/25,85660
1396/07/26,85768
1396/07/29,86430.5
1396/07/30,86480.2
1396/08/01,86346.2
1396/08/02,86529.2
1396/08/03,86636.8
1396/08/06,86935.4
1396/08/07,87416.6
1396/08/08,87477.2
1396/08/09,87649.9
1396/08/10,87844.9
1396/08/13,87868.6
1396/08/14,87905.1
1396/08/15,87843.7
1396/08/16,87883.1
1396/08/17,87897.4
1396/08/20,87795.2
1396/08/21,87744.7
1396/08/22,87832.5
1396/08/23,87949.8
1396/08/24,88005.9
1396/08/27,88202.3
1396/08/29,88261.2
1396/08/30,88774.6
1396/09/01,89339.1
1396/09/04,90469.5
1396/09/05,90655.5
1396/09/07,91255.2
1396/09/08,91152.2
1396/09/11,91296.7
1396/09/12,90951.8
1396/09/13,90936.6
1396/09/14,91092.2
1396/09/18,91160.3
1396/09/19,91198.9
1396/09/20,91552.4
1396/09/21,92628.9
1396/09/22,93283.7
1396/09/23,93283.6
1396/09/24,93283.6
1396/09/25,94606.4
1396/09/26,95600.7
1396/09/27,95477.4
1396/09/28,95590.6
1396/09/29,95508.6
1396/10/02,96816
1396/10/03,97529.3
1396/10/04,98358.4
1396/10/05,98152.7
1396/10/06,97899.1
1396/10/09,97211.4
1396/10/10,95561.5
1396/10/11,96207.9
1396/10/12,96241.2
1396/10/13,95929.4
1396/10/16,96270.3
1396/10/17,96234.5
1396/10/18,96332.5
1396/10/19,96149.2
1396/10/20,96185.9
1396/10/23,96627.5
1396/10/24,97228.6
1396/10/25,97944
1396/10/26,98596.9
1396/10/27,98923.5
1396/10/30,98817.2
1396/11/01,98221
1396/11/02,98628.4
1396/11/03,99224.7
1396/11/04,99522.1
1396/11/07,99355.5
1396/11/08,99414.5
1396/11/09,99046.1
1396/11/10,98557.8
1396/11/11,98133.5
1396/11/14,97718.8
1396/11/15,97808.1
1396/11/16,98033.5
1396/11/17,97927.5
1396/11/18,98299.7
1396/11/21,97782.7
1396/11/23,97924.7
1396/11/24,98103.3
1396/11/25,98347.9
1396/11/28,98429.6
1396/11/29,98311.6
1396/11/30,98148.5
1396/12/02,98157.3
1396/12/05,98176.9
1396/12/06,98080.2
1396/12/07,98098.5
1396/12/08,98100.8
1396/12/09,97961.7
1396/12/12,97388.7
1396/12/13,97354.3
1396/12/14,97182.6
1396/12/15,96991
1396/12/16,96860.3
1396/12/19,96594.5
1396/12/20,96028.4
1396/12/21,96194.4
1396/12/22,96314.1
1396/12/23,95525.9
1396/12/26,95577.3
1396/12/27,95819.6
1396/12/28,96289.9
1397/01/05,96425.9
1397/01/06,96489.7
1397/01/07,96596.6
1397/01/08,96938.8
1397/01/14,97086.1
1397/01/15,97150.5
1397/01/18,96779.8
1397/01/19,96341.2
1397/01/20,97120.7
1397/01/21,96748
1397/01/22,96287
1397/01/26,95987.5
1397/01/27,95506.2
1397/01/28,95522.7
1397/01/29,95523.8
1397/02/01,95265.8
1397/02/02,94494.2
1397/02/03,94299.5
1397/02/04,94576.3
1397/02/05,94796.1
1397/02/08,94284.4
1397/02/09,93805.5
1397/02/10,93586.9
1397/02/11,93612.1
1397/02/15,93100.6
1397/02/16,92849.9
1397/02/17,93165.9
1397/02/18,93605.8
1397/02/19,93691.1
1397/02/22,93891.1
1397/02/23,94165.8
1397/02/24,94703.4
1397/02/25,94905.9
1397/02/26,94940.2
1397/02/29,95103.1
1397/02/30,95136.4
1397/02/31,95227.4
1397/03/01,95229.9
1397/03/02,95445
1397/03/05,95794
1397/03/06,95626
1397/03/07,95529.6
1397/03/08,95409.6
1397/03/09,95577.6
1397/03/12,95951.9
1397/03/13,95998.8
1397/03/19,96077.1
1397/03/20,95915.9
1397/03/21,95847.4
1397/03/22,96378.7
1397/03/23,99146.2
1397/03/27,102452
1397/03/28,104534
1397/03/29,106504
1397/03/30,108873
1397/04/02,109401
1397/04/03,112061
1397/04/04,115174
1397/04/05,113528
1397/04/06,111325
1397/04/09,111528
1397/04/10,108694
1397/04/11,109937
1397/04/12,112346
1397/04/13,112490
1397/04/16,111052
1397/04/17,110851
1397/04/19,110849
1397/04/20,109505
1397/04/23,108917
1397/04/24,108072
1397/04/25,108110
1397/04/26,107781
1397/04/27,107777
1397/04/30,108296
1397/04/31,108831
1397/05/01,108659
1397/05/02,108396
1397/05/03,108800
1397/05/04,108800
1397/05/05,108800
1397/05/06,111878
1397/05/07,113852
1397/05/08,116760
1397/05/09,121174
1397/05/10,123951
1397/05/13,124354
1397/05/14,128448
1397/05/15,133328
1397/05/16,133584
1397/05/17,131522
1397/05/20,129014
1397/05/21,129902
1397/05/22,128523
1397/05/23,130928
1397/05/24,130477
1397/05/27,131536
1397/05/28,134355
1397/05/29,137073
1397/05/30,136911
1397/06/03,136343
1397/06/04,138583
1397/06/05,140309
1397/06/06,136766
1397/06/07,137472
1397/06/10,136110
1397/06/11,133676
1397/06/12,135258
1397/06/13,137984
1397/06/14,137714
1397/06/17,139629
1397/06/18,142234
1397/06/19,146999
1397/06/20,148578
1397/06/21,155061
1397/06/24,158119
1397/06/25,155710
1397/06/26,158072
1397/06/27,157329
1397/06/31,160538
1397/07/01,165072
1397/07/02,168625
1397/07/03,174618
1397/07/04,180636
1397/07/07,187406
1397/07/08,195104
1397/07/09,195480
1397/07/10,188259
1397/07/11,185559
1397/07/14,184085
1397/07/15,176419
1397/07/16,175186
1397/07/17,180848
1397/07/18,181016
1397/07/21,175033
1397/07/22,174826
1397/07/23,180602
1397/07/24,182834
1397/07/25,182929
1397/07/28,188576
1397/07/29,189438
1397/07/30,187779
1397/08/01,185319
1397/08/02,181060
1397/08/05,178841
1397/08/06,180627
1397/08/07,183220
1397/08/09,183367
1397/08/12,183449
1397/08/13,182919
1397/08/14,184160
1397/08/15,185100
1397/08/19,184231
1397/08/20,180668
1397/08/21,182212
1397/08/22,183212
1397/08/23,181994
1397/08/26,178819
1397/08/27,173558
1397/08/28,175816
1397/08/29,176459
1397/08/30,175713
1397/09/03,171253
1397/09/05,166464
1397/09/06,167200
1397/09/07,163772
1397/09/10,159854
1397/09/11,163138
1397/09/12,166304
1397/09/13,165702
1397/09/14,166860
1397/09/17,167083
1397/09/18,166891
1397/09/19,166916
1397/09/20,166235
1397/09/21,165352
1397/09/24,164486
1397/09/25,161708
1397/09/26,159750
1397/09/27,159146
1397/09/28,156083
1397/10/01,154550
1397/10/02,156694
1397/10/03,157484
1397/10/04,156950
1397/10/05,158444
1397/10/08,160774
1397/10/09,161310
1397/10/10,161405
1397/10/11,161841
1397/10/12,160899
1397/10/15,161107
1397/10/16,161276
1397/10/17,162324
1397/10/18,163967
1397/10/19,164829
1397/10/22,164930
1397/10/23,164494
1397/10/24,164696
1397/10/25,165446
1397/10/26,165595
1397/10/29,166131
1397/10/30,165575
1397/11/01,161922
1397/11/02,162806
1397/11/03,162941
1397/11/06,162478
1397/11/07,160798
1397/11/08,159818
1397/11/09,160153
1397/11/10,160295
1397/11/13,159855
1397/11/14,157355
1397/11/15,158044
1397/11/16,158394
1397/11/17,158536
1397/11/21,158468
1397/11/23,157973
1397/11/24,157311
1397/11/27,157114
1397/11/28,156155
1397/11/29,156705
1397/11/30,157388
1397/12/01,159490
1397/12/04,164268
1397/12/05,166030
1397/12/06,166794
1397/12/07,164712
1397/12/08,165295
1397/12/11,164370
1397/12/12,164443
1397/12/13,164239
1397/12/14,162594
1397/12/15,162827
1397/12/18,163007
1397/12/19,164470
1397/12/20,167372
1397/12/21,167910
1397/12/22,169116
1397/12/25,171125
1397/12/26,172522
1397/12/27,175899
1397/12/28,178659
1398/01/05,179194
1398/01/06,179766
1398/01/07,181542
1398/01/10,185358
1398/01/11,185281
1398/01/17,186536
1398/01/18,188074
1398/01/19,188593
1398/01/20,190425
1398/01/21,193978
1398/01/24,195203
1398/01/25,196084
1398/01/26,201806
1398/01/27,201891
1398/01/28,199911
1398/01/31,204375
1398/02/02,204322
1398/02/03,202858
1398/02/04,203777
1398/02/07,205287
1398/02/08,209244
1398/02/09,214868
1398/02/10,216642
1398/02/11,220109
1398/02/14,224590
1398/02/15,224057
1398/02/16,215821
1398/02/17,208197
1398/02/18,211344
1398/02/21,209155
1398/02/22,204069
1398/02/23,207752
1398/02/24,211746
1398/02/25,211018
1398/02/28,212748
1398/02/29,212852
1398/02/30,211872
1398/02/31,215092
1398/03/01,215169
1398/03/04,214314
1398/03/05,217574
1398/03/07,223254
1398/03/08,224477
1398/03/11,222388
1398/03/12,224544
1398/03/13,226983
1398/03/18,226888
1398/03/19,229809
1398/03/20,230268
1398/03/21,230618
1398/03/22,233353
1398/03/25,234168
1398/03/26,238220
1398/03/27,238161
1398/03/28,237148
1398/03/29,234879
1398/04/01,233886
1398/04/02,237460
1398/04/03,242568
1398/04/04,245099
1398/04/05,248578
1398/04/09,248533
1398/04/10,247122
1398/04/11,248276
1398/04/12,248944
1398/04/15,245446
1398/04/16,246448
1398/04/17,249253
1398/04/18,248716
1398/04/19,249622
1398/04/22,250605
1398/04/23,253578
1398/04/24,253303
1398/04/25,246268
1398/04/26,246790
1398/04/29,246437
1398/04/30,249662
1398/04/31,253057
1398/05/01,251278
1398/05/02,252865
1398/05/05,252275
1398/05/06,252325
1398/05/07,252488
1398/05/08,252898
1398/05/09,254446
1398/05/12,254454
1398/05/13,255530
1398/05/14,256698
1398/05/15,255512
1398/05/16,255163
1398/05/19,255306
1398/05/20,255876
1398/05/22,257097
1398/05/23,261392
1398/05/26,261406
1398/05/27,260992
1398/05/28,262941
1398/05/30,266127
1398/06/02,269986
1398/06/03,269225
1398/06/04,274872
1398/06/05,278470
1398/06/06,278675
1398/06/09,284139
1398/06/10,286115
1398/06/11,283063
1398/06/12,285574
1398/06/13,290178
1398/06/16,294602
1398/06/17,296732
1398/06/20,299931
1398/06/23,304460
1398/06/24,302396
1398/06/25,305917
1398/06/26,302082
1398/06/27,294167
1398/06/30,297713
1398/06/31,302104
1398/07/01,311471
1398/07/02,312206
1398/07/03,314409
1398/07/06,320024
1398/07/07,318251
1398/07/08,324706
1398/07/09,326098
1398/07/10,326117
1398/07/13,327306
1398/07/14,320208
1398/07/15,320910
1398/07/16,314470
1398/07/17,313049
1398/07/20,322060
1398/07/21,326191
1398/07/22,319872
1398/07/23,308979
1398/07/24,309640
1398/07/28,301391
1398/07/29,302173
1398/07/30,308315
1398/08/01,305808
1398/08/04,303450
1398/08/06,305970
1398/08/08,309661
1398/08/11,308730
1398/08/12,308961
1398/08/13,304676
1398/08/14,305333
1398/08/18,305859
1398/08/19,302795
1398/08/20,303944
1398/08/21,306655
1398/08/22,307094
1398/08/25,306886
1398/08/26,302341
1398/08/27,302726
1398/08/28,304688
1398/08/29,304997
1398/09/02,305622
1398/09/03,305774
1398/09/04,308477
1398/09/05,309643
1398/09/06,311230
1398/09/09,314588
1398/09/10,318670
1398/09/11,320195
1398/09/12,320814
1398/09/13,322528
1398/09/16,327625
1398/09/17,332567
1398/09/18,335792
1398/09/19,339434
1398/09/20,339387
1398/09/23,343292
1398/09/24,344115
1398/09/25,344488
1398/09/26,346871
1398/09/27,350323
1398/09/30,353997
1398/10/01,356721
1398/10/02,359366
1398/10/03,362259
1398/10/04,361088
1398/10/07,367632
1398/10/08,369730
1398/10/09,375548
1398/10/10,377013
1398/10/11,384100
1398/10/14,367334
1398/10/15,365816
1398/10/17,358843
1398/10/18,353808
1398/10/21,359807
1398/10/22,375650
1398/10/23,392038
1398/10/24,395913
1398/10/25,399445
1398/10/28,409962
1398/10/29,410694
1398/10/30,409808
1398/11/01,406009
1398/11/02,411212
1398/11/05,417002
1398/11/06,418312
1398/11/07,420668
1398/11/08,427139
1398/11/12,426185
1398/11/13,428217
1398/11/14,438880
1398/11/15,440199
1398/11/16,445894
1398/11/19,452842
1398/11/20,454618
1398/11/21,447152
1398/11/23,459080
1398/11/26,461988
1398/11/27,472750
1398/11/28,476813
1398/11/29,472120
1398/11/30,478756
1398/12/03,481798
1398/12/04,498904
1398/12/05,503736
1398/12/06,518513
1398/12/07,523851
1398/12/10,505801
1398/12/11,515583
1398/12/12,529329
1398/12/13,544238
1398/12/14,555168
1398/12/17,549185
1398/12/19,534378
1398/12/20,519847
1398/12/21,520212
1398/12/24,502739
1398/12/25,494406
1398/12/26,506080
1398/12/27,502430
1398/12/28,512900
1399/01/05,508662
1399/01/06,521268
1399/01/09,532525
1399/01/10,545649
1399/01/11,547658
1399/01/16,567426
1399/01/17,573904
1399/01/18,569674
1399/01/19,583383
1399/01/20,597254
1399/01/23,607856
1399/01/24,623260
1399/01/25,624528
1399/01/26,626409
1399/01/27,645762
1399/01/30,668906
1399/01/31,690037
1399/02/01,708995
1399/02/02,726137
1399/02/03,741932
1399/02/06,769373
1399/02/07,797813
1399/02/08,820505
1399/02/09,845952
1399/02/10,878101
1399/02/13,917406
1399/02/14,956200
1399/02/15,979105
1399/02/16,980571
1399/02/17,977923
1399/02/20,1020220
1399/02/21,1043250
1399/02/22,1047760
1399/02/23,1021450
1399/02/24,1017660
1399/02/27,987475
1399/02/28,968460
1399/02/29,995181
1399/02/30,1002120
1399/02/31,986759
1399/03/03,959840
1399/03/06,926133
1399/03/07,938557
1399/03/10,973494
1399/03/11,970413
1399/03/12,988121
1399/03/13,1028540
1399/03/17,1068840
1399/03/18,1116190
1399/03/19,1118910
1399/03/20,1118120
1399/03/21,1153680
1399/03/24,1189860
1399/03/25,1185420
1399/03/26,1200100
1399/03/27,1229670
1399/03/31,1270630
1399/04/01,1300810
1399/04/02,1341580
1399/04/03,1391030
1399/04/04,1419450
1399/04/07,1466280
1399/04/08,1491930
1399/04/09,1481940
1399/04/10,1546850
1399/04/11,1612900
1399/04/14,1621340
1399/04/15,1655430
1399/04/16,1718350
1399/04/17,1747080
1399/04/18,1753640
1399/04/21,1741350
1399/04/22,1812840
1399/04/23,1822080
1399/04/24,1844910
1399/04/25,1841700
1399/04/28,1809170
1399/04/29,1865030
1399/04/30,1924850
1399/04/31,1916190
1399/05/01,1901150
1399/05/04,1952910
1399/05/05,1946090
1399/05/06,1933940
1399/05/07,1941190
1399/05/08,1904320
1399/05/11,1961620
1399/05/12,2011520
1399/05/13,1993340
1399/05/14,1995040
1399/05/15,2034190
1399/05/19,2078550
1399/05/20,2065110
1399/05/21,1999840
1399/05/22,1975440
1399/05/25,1903270
1399/05/26,1813570
1399/05/27,1815750
1399/05/28,1825350
1399/05/29,1757230
1399/06/01,1727240
1399/06/02,1662220
1399/06/03,1608580
1399/06/04,1650040
1399/06/05,1718780
1399/06/10,1728040
1399/06/11,1684790
1399/06/12,1631940
1399/06/15,1642010
1399/06/16,1647780
1399/06/17,1607200
1399/06/18,1570010
1399/06/19,1556280
1399/06/22,1583750
1399/06/23,1578190
1399/06/24,1607590
1399/06/25,1664590
1399/06/26,1704110
1399/06/29,1699490
1399/06/30,1652240
1399/06/31,1595160
1399/07/01,1581180
1399/07/02,1611580
1399/07/05,1615530
1399/07/06,1570890
1399/07/07,1515930
1399/07/08,1492940
1399/07/09,1503430
1399/07/12,1546150
1399/07/13,1522980
1399/07/14,1490170
1399/07/15,1514700
1399/07/16,1540700
1399/07/19,1541820
1399/07/20,1597130
1399/07/21,1579510
1399/07/22,1579680
1399/07/23,1561420
1399/07/27,1514270
1399/07/28,1462280
1399/07/29,1419310
1399/07/30,1412350
1399/08/03,1374060
1399/08/05,1336590
1399/08/06,1302030
1399/08/07,1288330
1399/08/10,1305900
1399/08/11,1279860
1399/08/12,1264480
1399/08/14,1290570
1399/08/17,1262890
1399/08/18,1240520
1399/08/19,1215160
1399/08/20,1211940
1399/08/21,1221070
1399/08/24,1247650
1399/08/25,1257360
1399/08/26,1273850
1399/08/27,1296950
1399/08/28,1345300
1399/09/01,1366540
1399/09/02,1358850
1399/09/03,1375540
1399/09/04,1357110
1399/09/05,1367250
1399/09/08,1390770
1399/09/09,1427280
1399/09/10,1465980
1399/09/11,1473670
1399/09/12,1470980
1399/09/15,1490680
1399/09/16,1523110
1399/09/17,1512890
1399/09/18,1507500
1399/09/19,1506220
1399/09/22,1527450
1399/09/23,1515760
1399/09/24,1484160
1399/09/25,1428320
1399/09/26,1413360
1399/09/29,1444930
1399/09/30,1439120
1399/10/01,1436390
1399/10/02,1444970
1399/10/03,1447920
1399/10/06,1423570
1399/10/07,1419010
1399/10/08,1437210
1399/10/09,1411860
1399/10/10,1397800
1399/10/13,1354150
1399/10/14,1355350
1399/10/15,1374480
1399/10/16,1350230
1399/10/17,1310760
1399/10/20,1285890
1399/10/21,1306620
1399/10/22,1301330
1399/10/23,1260720
1399/10/24,1229840
1399/10/27,1186710
1399/10/29,1150220
1399/10/30,1150720
1399/11/01,1183980
1399/11/04,1222070
1399/11/05,1234560
1399/11/06,1235780
1399/11/07,1215030
1399/11/08,1207700
1399/11/11,1247150
1399/11/12,1251040
1399/11/13,1233670
1399/11/14,1205470
1399/11/15,1173010
1399/11/18,1135350
1399/11/19,1170530
1399/11/20,1192740
1399/11/21,1214420
1399/11/25,1262250
1399/11/26,1264370
1399/11/27,1257290
1399/11/28,1245880
1399/11/29,1238360
1399/12/02,1232720
1399/12/03,1222610
1399/12/04,1214480
1399/12/05,1211640
1399/12/06,1205830
1399/12/09,1194010
1399/12/10,1185600
1399/12/11,1181640
1399/12/12,1186280
1399/12/13,1177920
1399/12/16,1169720
1399/12/17,1175600
1399/12/18,1199890
1399/12/19,1210150
1399/12/20,1206880
1399/12/23,1229380
1399/12/24,1245190
1399/12/25,1254210
1399/12/26,1290470
1399/12/27,1307710
1400/01/07,1309560
1400/01/08,1306890
1400/01/10,1303190
1400/01/11,1294520
1400/01/14,1282950
1400/01/15,1269480
1400/01/16,1262740
1400/01/17,1260790
1400/01/18,1249910
1400/01/21,1240700
1400/01/22,1230880
1400/01/23,1226160
1400/01/24,1244560
1400/01/25,1243360
1400/01/28,1233780
1400/01/29,1224800
1400/01/30,1216870
1400/01/31,1219590
1400/02/01,1207050
1400/02/04,1199340
1400/02/05,1187840
1400/02/06,1186960
1400/02/07,1202630
1400/02/08,1207850
1400/02/11,1194340
1400/02/12,1180660
1400/02/13,1167050
1400/02/15,1172260
1400/02/18,1167460
1400/02/19,1151900
1400/02/20,1157680
1400/02/21,1179530
1400/02/22,1184000
1400/02/25,1189600
1400/02/26,1188810
1400/02/27,1174660
1400/02/28,1173510
1400/02/29,1154840
1400/03/01,1128220
1400/03/02,1107920
1400/03/03,1095700
1400/03/04,1105450
1400/03/05,1109350
1400/03/08,1139530
1400/03/09,1156930
1400/03/10,1145930
1400/03/11,1140480
1400/03/12,1148640
1400/03/17,1157210
1400/03/18,1160670
1400/03/19,1151850
1400/03/22,1144960
1400/03/23,1141230
1400/03/24,1150200
1400/03/25,1150130
1400/03/26,1147680
1400/03/29,1162030
1400/03/30,1163760
1400/03/31,1168660
1400/04/01,1186920
1400/04/02,1213050
1400/04/05,1233740
1400/04/06,1238490
1400/04/07,1243810
1400/04/08,1248520
1400/04/09,1256980
1400/04/12,1246110
1400/04/13,1243720
1400/04/14,1254560
1400/04/15,1281190
1400/04/16,1282040
1400/04/19,1270740
1400/04/20,1285260
1400/04/21,1304340
1400/04/22,1303890
1400/04/23,1305500
1400/04/26,1311240
1400/04/27,1302860
1400/04/28,1311310
1400/05/04,1323350
1400/05/05,1314910
1400/05/06,1316500
1400/05/09,1351500
1400/05/10,1360250
1400/05/11,1357900
1400/05/12,1375650
1400/05/13,1406040
1400/05/16,1407760
1400/05/17,1417860
1400/05/18,1433200
1400/05/19,1453810
1400/05/20,1484630
1400/05/23,1480800
1400/05/24,1499920
1400/05/31,1515550
1400/06/01,1515920
1400/06/02,1543450
1400/06/03,1550210
1400/06/06,1575760
1400/06/07,1573410
1400/06/08,1523970
1400/06/09,1496150
1400/06/10,1520630
1400/06/13,1541050
1400/06/14,1537190
1400/06/15,1538480
1400/06/16,1523060
1400/06/17,1526010
1400/06/20,1530460
1400/06/21,1489980
1400/06/22,1475220
1400/06/23,1496960
1400/06/24,1488210
1400/06/27,1450230
1400/06/28,1420480
1400/06/29,1427770
1400/06/30,1391240
1400/06/31,1386450
1400/07/03,1422120
1400/07/04,1424730
1400/07/06,1425450
1400/07/07,1436980
1400/07/10,1473480
1400/07/11,1476680
1400/07/12,1484650
1400/07/14,1488260
1400/07/17,1466030
1400/07/18,1455610
1400/07/19,1457490
1400/07/20,1418680
1400/07/21,1397390
1400/07/24,1437470
1400/07/25,1436110
1400/07/26,1436920
1400/07/27,1449500
1400/07/28,1436360
1400/08/01,1407760
1400/08/03,1384130
1400/08/04,1384450
1400/08/05,1393960
1400/08/08,1375670
1400/08/09,1340290
1400/08/10,1361410
1400/08/11,1376090
1400/08/12,1398420
1400/08/15,1440650
1400/08/16,1430890
1400/08/17,1434380
1400/08/18,1447670
1400/08/19,1456480
1400/08/22,1439240
1400/08/23,1442520
1400/08/24,1416300
1400/08/25,1408600
1400/08/26,1410780
1400/08/29,1383490
1400/08/30,1386940
1400/09/01,1407130
1400/09/02,1404550
1400/09/03,1394110
1400/09/06,1366710
1400/09/07,1368010
1400/09/08,1363940
1400/09/09,1357130
1400/09/10,1340070
1400/09/13,1334770
1400/09/14,1343200
1400/09/15,1342350
1400/09/16,1338020
1400/09/17,1349390
1400/09/20,1344440
1400/09/21,1320780
1400/09/22,1295550
1400/09/23,1291840
1400/09/24,1293240
1400/09/27,1305540
1400/09/28,1291680
1400/09/29,1301540
1400/09/30,1318360
1400/10/01,1359020
1400/10/04,1385500
1400/10/05,1383990
1400/10/06,1400310
1400/10/07,1399910
1400/10/08,1397310
1400/10/11,1378780
1400/10/12,1379040
1400/10/13,1376050
1400/10/14,1362830
1400/10/15,1363100
1400/10/18,1362460
1400/10/19,1336820
1400/10/20,1332760
1400/10/21,1334700
1400/10/22,1334260
1400/10/25,1322570
1400/10/26,1310800
1400/10/27,1306470
1400/10/28,1275970
1400/10/29,1279390
1400/11/02,1281800
1400/11/03,1256510
1400/11/04,1234710
1400/11/05,1207930
1400/11/06,1229370
1400/11/09,1259000
1400/11/10,1284650
1400/11/11,1294620
1400/11/12,1301230
1400/11/13,1301160
1400/11/16,1304410
1400/11/17,1282050
1400/11/18,1274470
1400/11/19,1281080
1400/11/20,1284160
1400/11/23,1284060
1400/11/24,1276000
1400/11/25,1283320
1400/11/27,1282410
1400/11/30,1282190
1400/12/01,1274300
1400/12/02,1281590
1400/12/03,1284880
1400/12/04,1288310
1400/12/07,1282870
1400/12/08,1279290
1400/12/09,1281930
1400/12/11,1281190
1400/12/14,1298780
1400/12/15,1322600
1400/12/16,1342910
1400/12/17,1336570
1400/12/18,1348300
1400/12/21,1332930
1400/12/22,1335380
1400/12/23,1334780
1400/12/24,1337220
1400/12/25,1345020
1400/12/28,1367250
1401/01/06,1390860
1401/01/07,1403620
1401/01/08,1418650
1401/01/09,1414250
1401/01/10,1432110
1401/01/14,1462000
1401/01/15,1468820
1401/01/16,1471440
1401/01/17,1463780
1401/01/20,1458770
1401/01/21,1474110
1401/01/22,1479490
1401/01/23,1446030
1401/01/24,1454130
1401/01/27,1467640
1401/01/28,1475060
1401/01/29,1501840
1401/01/30,1513110
1401/01/31,1512220
1401/02/04,1504720
1401/02/05,1507250
1401/02/06,1522870
1401/02/07,1521420
1401/02/10,1522440
1401/02/11,1523470
1401/02/12,1529720
1401/02/17,1543850
1401/02/18,1553040
1401/02/19,1540100
1401/02/20,1539530
1401/02/21,1564450
1401/02/24,1578410
1401/02/25,1572980
1401/02/26,1583800
1401/02/27,1606020
1401/02/28,1594980
1401/02/31,1579690
1401/03/01,1582220
1401/03/02,1557210
1401/03/03,1555690
1401/03/04,1564490
1401/03/07,1553400
1401/03/08,1534060
1401/03/09,1537380
1401/03/10,1542710
1401/03/11,1541980
1401/03/16,1514310
1401/03/17,1515390
1401/03/18,1520300
1401/03/21,1518290
1401/03/22,1532390
1401/03/23,1571450
1401/03/24,1574070
1401/03/25,1564330
1401/03/28,1547740
1401/03/29,1545960
1401/03/30,1547250
1401/03/31,1539630
1401/04/01,1533390
1401/04/04,1520330
1401/04/05,1501340
1401/04/06,1504070
1401/04/07,1514430
1401/04/08,1513720
1401/04/11,1501630
1401/04/12,1502990
1401/04/13,1507160
1401/04/14,1511080
1401/04/15,1502600
1401/04/18,1498510
1401/04/20,1487600
1401/04/21,1483530
1401/04/22,1490050
1401/04/25,1480050
1401/04/26,1469830
1401/04/28,1468890
1401/04/29,1471900
1401/05/01,1473500
1401/05/02,1463760
1401/05/03,1439420
1401/05/04,1438450
1401/05/05,1443710
1401/05/08,1440860
1401/05/09,1423500
1401/05/10,1427610
1401/05/11,1430020
1401/05/12,1437360
1401/05/15,1448920
1401/05/18,1451940
1401/05/19,1448460
1401/05/22,1467100
1401/05/23,1463650
1401/05/24,1463700
1401/05/25,1459500
1401/05/26,1451400
1401/05/29,1438820
1401/05/30,1429910
1401/05/31,1424490
1401/06/01,1431480
1401/06/02,1442370
1401/06/05,1450050
1401/06/06,1444090
1401/06/07,1445140
1401/06/08,1441220
1401/06/09,1439400
1401/06/12,1426940
1401/06/13,1426910
1401/06/14,1426780
1401/06/15,1420830
1401/06/16,1412860
1401/06/19,1397430
1401/06/20,1390730
1401/06/21,1388970
1401/06/22,1393130
1401/06/23,1389100
1401/06/27,1377920
1401/06/28,1373820
1401/06/29,1367060
1401/06/30,1355240
1401/07/02,1328190
1401/07/04,1334450
1401/07/06,1346560
1401/07/09,1330880
1401/07/10,1322030
1401/07/11,1318710
1401/07/12,1313850
1401/07/16,1316720
1401/07/17,1305080
1401/07/18,1303920
1401/07/19,1313580
1401/07/20,1319790
1401/07/23,1317890
1401/07/24,1311290
1401/07/25,1311110
1401/07/26,1312560
1401/07/27,1310170
1401/07/30,1308960
1401/08/01,1296800
1401/08/02,1277740
1401/08/03,1267060
1401/08/04,1241070
1401/08/07,1244630
1401/08/08,1254460
1401/08/09,1269830
1401/08/10,1280460
1401/08/11,1283540
1401/08/14,1328320
1401/08/15,1344680
1401/08/16,1389750
1401/08/17,1407730
1401/08/18,1414360
1401/08/21,1426100
1401/08/22,1419140
1401/08/23,1408170
1401/08/24,1410420
1401/08/25,1413570
1401/08/28,1393090
1401/08/29,1404630
1401/08/30,1408600
1401/09/01,1407650
1401/09/02,1410190
1401/09/05,1408210
1401/09/06,1406200
1401/09/07,1408350
1401/09/08,1414200
1401/09/09,1417370
1401/09/12,1417720
1401/09/13,1417840
1401/09/14,1413600
1401/09/15,1409400
1401/09/16,1402830
1401/09/19,1383740
1401/09/20,1389360
1401/09/21,1409360
1401/09/22,1454470
1401/09/23,1472760
1401/09/26,1469930
1401/09/27,1500240
1401/09/28,1500910
1401/09/29,1492100
1401/09/30,1496200
1401/10/03,1538000
1401/10/04,1563570
1401/10/05,1576400
1401/10/07,1647310
1401/10/10,1590500
1401/10/11,1564370
1401/10/12,1593280
1401/10/13,1591350
1401/10/14,1579120
1401/10/17,1598060
1401/10/18,1635230
1401/10/19,1646910
1401/10/20,1668190
1401/10/21,1652090
1401/10/24,1643710
1401/10/25,1643710
1401/10/26,1680680
1401/10/27,1687050
1401/10/28,1689140
1401/11/01,1657580
1401/11/02,1652920
1401/11/03,1653950
1401/11/04,1646050
1401/11/05,1611960
1401/11/08,1600080
1401/11/09,1542190
1401/11/10,1539680
1401/11/11,1556550
1401/11/12,1557240
1401/11/16,1540190
1401/11/17,1537860
1401/11/18,1556530
1401/11/19,1558080
1401/11/23,1545980
1401/11/24,1548280
1401/11/25,1537960
1401/11/26,1524800
1401/11/30,1533370
1401/12/01,1594260
1401/12/02,1659420
1401/12/03,1656590
1401/12/06,1738780
1401/12/07,1804300
1401/12/08,1809140
1401/12/09,1838120
1401/12/10,1821770
1401/12/13,1788210
1401/12/14,1795960
1401/12/15,1785680
1401/12/16,1817610
1401/12/20,1816740
1401/12/21,1783200
1401/12/22,1781630
1401/12/23,1782990
1401/12/24,1820990
1401/12/27,1905760
1401/12/28,1960460
1402/01/05,1998280
1402/01/06,2018760
1402/01/07,2029200
1402/01/08,2044410
1402/01/09,2078710
1402/01/14,2089950
1402/01/15,2119110
1402/01/16,2137460
1402/01/19,2202390
1402/01/20,2212640
1402/01/21,2190310
1402/01/22,2179920
1402/01/26,2253950
1402/01/27,2275070
1402/01/28,2289290
1402/01/29,2325440
1402/01/30,2324130
1402/02/04,2326490
1402/02/05,2368830
1402/02/06,2365290
1402/02/09,2438550
1402/02/10,2479340
1402/02/11,2480640
1402/02/12,2518330
1402/02/13,2514670
1402/02/16,2535240
1402/02/17,2440190
1402/02/18,2314410
1402/02/19,2305840
1402/02/20,2277720
1402/02/23,2214020
1402/02/24,2285900
1402/02/25,2301380
1402/02/27,2321350
1402/02/30,2297990
1402/02/31,2302700
1402/03/01,2318510
1402/03/07,2257010
1402/03/08,2275390
1402/03/09,2288430
1402/03/10,2271040
1402/03/13,2279680
1402/03/16,2289550
1402/03/17,2288440
1402/03/20,2215060
1402/03/21,2208210
1402/03/22,2145420
1402/03/23,2155200
1402/03/24,2182110
1402/03/27,2182800
1402/03/28,2162900
1402/03/29,2164220
1402/03/30,2166950
1402/03/31,2173890
1402/04/03,2162620
1402/04/04,2189600
1402/04/05,2196130
1402/04/06,2168200
1402/04/07,2153410
1402/04/10,2143920
1402/04/11,2157380
1402/04/12,2183410
1402/04/13,2202090
1402/04/14,2202660
1402/04/17,2195140
1402/04/18,2176360
1402/04/19,2158530
1402/04/20,2128380
1402/04/21,2071400
1402/04/24,2070890
1402/04/25,2021290
1402/04/26,1956630
1402/04/27,1999760
1402/04/28,2016390
1402/04/31,1983140
1402/05/01,1976940
1402/05/02,1998450
1402/05/03,2001900
1402/05/04,2000530
1402/05/07,1996760
1402/05/08,1967670
1402/05/09,1973910
1402/05/10,1993670
1402/05/14,2033050
1402/05/15,2040020
1402/05/16,2051070
1402/05/17,2037870
1402/05/18,2036980
1402/05/21,1989640
1402/05/22,1987940
1402/05/23,1997050
1402/05/24,1978180
1402/05/25,1973600
1402/05/28,1957530
1402/05/29,1954030
1402/05/30,1956440
1402/05/31,1938240
1402/06/01,1946610
1402/06/04,1993090
1402/06/05,2051490
1402/06/06,2084210
1402/06/07,2095050
1402/06/08,2104820
1402/06/11,2105640
1402/06/12,2111800
1402/06/13,2136150
1402/06/14,2150980
1402/06/18,2129660
1402/06/19,2123650
1402/06/20,2122620
1402/06/21,2127220
1402/06/22,2126760
1402/06/26,2135780
1402/06/27,2133480
1402/06/28,2128460
1402/06/29,2121210
1402/07/01,2118350
1402/07/03,2101030
1402/07/04,2097720
1402/07/05,2097980
1402/07/08,2084550
1402/07/09,2067170
1402/07/10,2067540
1402/07/12,2069750
1402/07/15,2052890
1402/07/16,2001260
1402/07/17,2005630
1402/07/18,2014070
1402/07/19,2019710
1402/07/22,2001460
1402/07/23,2001940
1402/07/24,2018180
1402/07/25,2031250
1402/07/26,2023550
1402/07/29,2024970
1402/07/30,2032210
1402/08/01,2021890
1402/08/02,2000180
1402/08/03,2002080
1402/08/06,1951220
1402/08/07,1961310
1402/08/08,1981510
1402/08/09,1981200
1402/08/10,1970570
1402/08/13,1999210
1402/08/14,2016740
1402/08/15,2030870
1402/08/16,2052700
1402/08/17,2056020
1402/08/20,2054480
1402/08/21,2053640
1402/08/22,2055960
1402/08/23,2046170
1402/08/24,2038880
1402/08/27,2028580
1402/08/28,2026240
1402/08/29,2018000
1402/08/30,2020140
1402/09/01,2022380
1402/09/04,2019990
1402/09/05,2024460
1402/09/06,2026090
1402/09/07,2031880
1402/09/08,2060370
1402/09/11,2087700
1402/09/12,2121200
1402/09/13,2165230
1402/09/14,2176530
1402/09/15,2171040
1402/09/18,2160960
1402/09/19,2161070
1402/09/20,2162560
1402/09/21,2161240
1402/09/22,2158090
1402/09/25,2171820
1402/09/27,2207650
1402/09/28,2211860
1402/09/29,2210220
1402/10/02,2208340
1402/10/03,2200110
1402/10/04,2194500
1402/10/05,2178750
1402/10/06,2177410
1402/10/09,2182720
1402/10/10,2176110
1402/10/11,2168330
1402/10/12,2158780
1402/10/13,2155230
1402/10/16,2153700
1402/10/17,2154810
1402/10/18,2153970
1402/10/19,2156470
1402/10/20,2170960
1402/10/23,2180520
1402/10/24,2197290
1402/10/25,2195000
1402/10/26,2186960
1402/10/27,2185980
1402/10/30,2166940
1402/11/01,2153210
1402/11/02,2146560
1402/11/03,2120050
1402/11/04,2123460
1402/11/07,2126840
1402/11/08,2128030
1402/11/09,2120270
1402/11/10,2110340
1402/11/11,2107300
1402/11/14,2111080
1402/11/15,2100180
1402/11/16,2098370
1402/11/17,2097250
1402/11/18,2098050
1402/11/21,2100100
1402/11/23,2091900
1402/11/24,2090300
1402/11/25,2078530
1402/11/28,2060020
1402/11/29,2064660
1402/11/30,2071100
1402/12/01,2071510
1402/12/02,2070720
1402/12/05,2066110
1402/12/07,2049430
1402/12/08,2045770
1402/12/09,2054740
1402/12/12,2086560
1402/12/13,2147010
1402/12/14,2140170
1402/12/15,2172230
1402/12/16,2165750
1402/12/19,2163750
1402/12/20,2160250
1402/12/21,2161580
1402/12/22,2163480
1402/12/23,2150210
1402/12/26,2148490
1402/12/27,2160450
1402/12/28,2195090
1403/01/05,2236350
1403/01/06,2253600
1403/01/07,2249430
1403/01/08,2261390
1403/01/11,2261170
1403/01/14,2245270
1403/01/15,2250910
1403/01/18,2231000
1403/01/19,2234930
1403/01/20,2254850
1403/01/21,2261900
1403/01/25,2207980
1403/01/26,2196790
1403/01/27,2206910
1403/01/28,2201910
1403/01/29,2208210
1403/02/01,2285850
1403/02/02,2312990
1403/02/03,2316800
1403/02/04,2303380
1403/02/05,2304320
1403/02/08,2304980
1403/02/09,2284830
1403/02/10,2281090
1403/02/11,2268850
1403/02/12,2264890
1403/02/16,2259720
1403/02/17,2239100
1403/02/18,2231420
1403/02/19,2219090
1403/02/22,2208240
1403/02/23,2193210
1403/02/24,2161420
1403/02/25,2165520
1403/02/26,2164540
1403/02/29,2168680
1403/02/30,2112110
1403/03/01,2114140
1403/03/05,2098400
1403/03/06,2079050
1403/03/07,2058130
1403/03/08,2069880
1403/03/09,2086080
1403/03/12,2094130
1403/03/13,2087630
1403/03/16,2082120
1403/03/19,2064390
1403/03/20,2061870
1403/03/21,2078090
1403/03/22,2081220
1403/03/23,2075720
1403/03/26,2061480
1403/03/27,2045150
1403/03/29,2036340
1403/03/30,2043980
1403/04/02,2047930
1403/04/03,2051780
1403/04/04,2065210
1403/04/06,2085220
1403/04/09,2096020
1403/04/10,2072910
1403/04/11,2075100
1403/04/12,2090400
1403/04/13,2100670
1403/04/16,2188850
1403/04/17,2226440
1403/04/18,2221310
1403/04/19,2217020
1403/04/20,2209210
1403/04/23,2200240
1403/04/24,2201140
1403/04/27,2202680
1403/04/30,2192410
1403/04/31,2172190
1403/05/01,2169020
1403/05/02,2177970
1403/05/03,2175340
1403/05/06,2160970
1403/05/08,2131750
1403/05/09,2120440
1403/05/10,2068320
1403/05/13,2006670
1403/05/14,2005610
1403/05/15,2004510
1403/05/16,2002610
1403/05/20,2003840
1403/05/21,2003380
1403/05/22,1998650